{
 "col" : [
      81,
      85,
      164
  ],
  "surOeste": [
    19.3211176,
    -99.1963863
  ],
  "notEste": [
    19.3350327,
    -99.1872452
  ],
  "polos": [
    19.3239145,
    -99.18797400000001,
    19.3235564,
    -99.187907,
    19.3234766,
    -99.1878533,
    19.3233425,
    -99.1877903,
    19.3232172,
    -99.1877098,
    19.3231122,
    -99.1876253,
    19.3230785,
    -99.1875467,
    19.3230688,
    -99.1874762,
    19.3230736,
    -99.1874101,
    19.3231169,
    -99.18732260000002,
    19.3231411,
    -99.18729690000002,
    19.3231805,
    -99.1872686,
    19.323228,
    -99.1872477,
    19.3232656,
    -99.1872452,
    19.3233249,
    -99.1872521,
    19.3233691,
    -99.1872643,
    19.3234146,
    -99.1872934,
    19.3235222,
    -99.1874664,
    19.3235469,
    -99.1874993,
    19.3236228,
    -99.1875751,
    19.3236595,
    -99.1876052,
    19.3237006,
    -99.1876334,
    19.3237462,
    -99.1876562,
    19.323846200000002,
    -99.18771520000001,
    19.3238987,
    -99.1877367,
    19.3241772,
    -99.1877729,
    19.3254882,
    -99.1879673,
    19.3264254,
    -99.1880558,
    19.3269189,
    -99.1881343,
    19.3269999,
    -99.1881638,
    19.3272878,
    -99.1881916,
    19.3274242,
    -99.1882307,
    19.3276657,
    -99.1883706,
    19.3277955,
    -99.1884674,
    19.3280864,
    -99.188698,
    19.3283246,
    -99.1888617,
    19.3284001,
    -99.18888460000001,
    19.3285149,
    -99.1889034,
    19.3291063,
    -99.188956,
    19.3293527,
    -99.1889837,
    19.3296693,
    -99.1890281,
    19.3299402,
    -99.1890533,
    19.330458,
    -99.1891204,
    19.3310635,
    -99.1892072,
    19.331104,
    -99.1892514,
    19.3311457,
    -99.1892883,
    19.3312058,
    -99.1893225,
    19.3312381,
    -99.189349,
    19.3312963,
    -99.1894063,
    19.3315254,
    -99.1894466,
    19.3319272,
    -99.1894868,
    19.331986,
    -99.1894955,
    19.3320278,
    -99.18951190000001,
    19.3320486,
    -99.1895295,
    19.3320679,
    -99.1895491,
    19.3320852,
    -99.189581,
    19.332097600000004,
    -99.1896157,
    19.3320988,
    -99.1897397,
    19.3320886,
    -99.1897815,
    19.3320582,
    -99.1898501,
    19.3320385,
    -99.1898763,
    19.3320116,
    -99.1899015,
    19.332007,
    -99.1899014,
    19.3319624,
    -99.1899221,
    19.3318841,
    -99.1899327,
    19.331665,
    -99.1899096,
    19.3315953,
    -99.18989850000001,
    19.3305862,
    -99.1902627,
    19.3303797,
    -99.19035180000002,
    19.3301972,
    -99.19044500000001,
    19.3300026,
    -99.19056840000002,
    19.3298481,
    -99.1907045,
    19.3297456,
    -99.1908132,
    19.3296583,
    -99.1909166,
    19.3295525,
    -99.1910622,
    19.3293339,
    -99.1914936,
    19.3293198,
    -99.1915356,
    19.3292631,
    -99.1916153,
    19.329209,
    -99.1916615,
    19.3291365,
    -99.1916923,
    19.3291313,
    -99.191817,
    19.3291249,
    -99.1918405,
    19.3291071,
    -99.1920832,
    19.3291036,
    -99.1921838,
    19.3291101,
    -99.19232810000001,
    19.3291464,
    -99.19258170000002,
    19.3291636,
    -99.19267570000001,
    19.3292276,
    -99.1929081,
    19.329315,
    -99.1931304,
    19.3294624,
    -99.1934351,
    19.329650000000004,
    -99.1937356,
    19.3298825,
    -99.1940583,
    19.3302287,
    -99.194413,
    19.3305816,
    -99.1946984,
    19.3306732,
    -99.1947592,
    19.3309137,
    -99.1948623,
    19.3311251,
    -99.19496870000002,
    19.3313226,
    -99.1950388,
    19.3315106,
    -99.1950956,
    19.3317563,
    -99.19514910000001,
    19.331923,
    -99.1951617,
    19.3320716,
    -99.1951609,
    19.3321644,
    -99.1951462,
    19.3324105,
    -99.19514670000001,
    19.3327028,
    -99.1951118,
    19.3328554,
    -99.1950747,
    19.3329489,
    -99.1950413,
    19.3331364,
    -99.194933,
    19.3332423,
    -99.1948406,
    19.3333788,
    -99.1947048,
    19.3335721,
    -99.1944829,
    19.3336549,
    -99.1943475,
    19.3337534,
    -99.1941303,
    19.3337787,
    -99.1940599,
    19.3339299,
    -99.1933454,
    19.3341013,
    -99.192419,
    19.3341092,
    -99.19220150000001,
    19.3340103,
    -99.191163,
    19.3342443,
    -99.1910464,
    19.3342993,
    -99.19100120000002,
    19.3343594,
    -99.190983,
    19.3344142,
    -99.1909739,
    19.3344776,
    -99.1909781,
    19.3345549,
    -99.1909923,
    19.3345847,
    -99.1909981,
    19.3346242,
    -99.191011,
    19.3346763,
    -99.1910383,
    19.3347169,
    -99.1910669,
    19.3347922,
    -99.191139,
    19.3349061,
    -99.1912353,
    19.334952,
    -99.1918084,
    19.3349936,
    -99.1921747,
    19.33502,
    -99.1923815,
    19.3350181,
    -99.1925509,
    19.3350327,
    -99.1929362,
    19.335015,
    -99.1931007,
    19.334836,
    -99.1935864,
    19.3346601,
    -99.1940319,
    19.3345732,
    -99.1942824,
    19.3344768,
    -99.1945229,
    19.3344265,
    -99.1947211,
    19.3344084,
    -99.1948179,
    19.3344031,
    -99.1950266,
    19.3344093,
    -99.195293,
    19.3344064,
    -99.1953415,
    19.3343099,
    -99.19561650000001,
    19.3342488,
    -99.1957494,
    19.3341934,
    -99.195842,
    19.3341203,
    -99.1959506,
    19.3339956,
    -99.1960749,
    19.3334645,
    -99.1963349,
    19.3332859,
    -99.1963863,
    19.3332559,
    -99.19638400000001,
    19.3330413,
    -99.1963697,
    19.3328732,
    -99.1963423,
    19.3327564,
    -99.1962948,
    19.3319435,
    -99.1958137,
    19.331858400000005,
    -99.19575110000001,
    19.3317393,
    -99.1956756,
    19.3311464,
    -99.1953253,
    19.3305889,
    -99.1949898,
    19.3304479,
    -99.1948982,
    19.3301772,
    -99.1947028,
    19.3300039,
    -99.1947285,
    19.3292422,
    -99.1947635,
    19.3288733,
    -99.1947951,
    19.3271606,
    -99.1948251,
    19.3263222,
    -99.1948083,
    19.3235861,
    -99.1949236,
    19.3231318,
    -99.19489880000002,
    19.3227901,
    -99.1948881,
    19.3225591,
    -99.1948445,
    19.3219441,
    -99.1945709,
    19.3215264,
    -99.1942943,
    19.321268200000002,
    -99.1941142,
    19.3212268,
    -99.1940777,
    19.3211879,
    -99.1940345,
    19.3211553,
    -99.1939862,
    19.321137800000002,
    -99.193938,
    19.3211261,
    -99.1938836,
    19.3211187,
    -99.1938169,
    19.3211176,
    -99.19375150000002,
    19.3211256,
    -99.1936761,
    19.3211531,
    -99.1935537,
    19.3211771,
    -99.1934927,
    19.321205,
    -99.1933941,
    19.3213258,
    -99.1931836,
    19.321429,
    -99.1930374,
    19.3216485,
    -99.19288990000001,
    19.3228315,
    -99.1923732,
    19.323065300000003,
    -99.1922669,
    19.3233425,
    -99.1921046,
    19.3237747,
    -99.1918176,
    19.3242486,
    -99.19140060000001,
    19.324364100000004,
    -99.1912135,
    19.3244619,
    -99.1910653,
    19.324537200000005,
    -99.1909064,
    19.3245764,
    -99.1907327,
    19.3246017,
    -99.1905543,
    19.3246979,
    -99.1900494,
    19.3247378,
    -99.1898898,
    19.3247479,
    -99.1898637,
    19.3249365,
    -99.1894774,
    19.3250282,
    -99.1893245,
    19.3250833,
    -99.1891884,
    19.3251276,
    -99.1889691,
    19.3251731,
    -99.1885279,
    19.3252003,
    -99.1883683,
    19.3251503,
    -99.188261,
    19.3251092,
    -99.1881953,
    19.3250605,
    -99.1881417,
    19.3249966,
    -99.1880954,
    19.3249181,
    -99.1880632,
    19.3241619,
    -99.1879761,
    19.3239145,
    -99.18797400000001
  ]
}