{
  "col" : [
      0,
      179,
      239
  ],
  "surOeste": [
    19.3221124,
    -99.1894904
  ],
  "notEste": [
    19.3364259,
    -99.1747735
  ],
  "polos": [
    19.324386600000004,
    -99.1748554,
    19.3248852,
    -99.1748004,
    19.3253285,
    -99.1747893,
    19.3253674,
    -99.17478430000001,
    19.325442,
    -99.174791,
    19.3255376,
    -99.1748339,
    19.3255869,
    -99.1748258,
    19.3256692,
    -99.1748238,
    19.3263222,
    -99.1747735,
    19.3269983,
    -99.1747872,
    19.3272493,
    -99.1748071,
    19.3273619,
    -99.174793,
    19.3276586,
    -99.1748192,
    19.3279399,
    -99.1748547,
    19.3281256,
    -99.1748862,
    19.3285508,
    -99.1749809,
    19.3286546,
    -99.1750112,
    19.3287685,
    -99.17506120000002,
    19.3288827,
    -99.1751336,
    19.3289956,
    -99.1752342,
    19.3293721,
    -99.175609,
    19.3294259,
    -99.1757311,
    19.3297568,
    -99.1759986,
    19.3298232,
    -99.1760423,
    19.3300876,
    -99.1762107,
    19.3310064,
    -99.1767919,
    19.3310508,
    -99.1768259,
    19.3310736,
    -99.1768526,
    19.3310976,
    -99.1768831,
    19.3311125,
    -99.1769123,
    19.331145300000003,
    -99.1769962,
    19.3313338,
    -99.1775361,
    19.3316013,
    -99.1783556,
    19.3316266,
    -99.1784116,
    19.331664600000003,
    -99.1784837,
    19.3316886,
    -99.1785109,
    19.3317253,
    -99.1785367,
    19.3323745,
    -99.1784522,
    19.33305,
    -99.1783255,
    19.3333583,
    -99.1783006,
    19.3335827,
    -99.1783446,
    19.3337936,
    -99.17843960000002,
    19.333948,
    -99.1785552,
    19.3341192,
    -99.1787461,
    19.3342055,
    -99.1788731,
    19.334329600000004,
    -99.1791907,
    19.3347551,
    -99.1804666,
    19.3348294,
    -99.1807062,
    19.3349151,
    -99.1809631,
    19.3352037,
    -99.18191200000001,
    19.3352153,
    -99.18214750000001,
    19.3359215,
    -99.18401130000001,
    19.3360446,
    -99.1843696,
    19.336258,
    -99.1850604,
    19.3364259,
    -99.1855446,
    19.3363386,
    -99.1856325,
    19.3362405,
    -99.1856767,
    19.336169000000005,
    -99.1856848,
    19.336114,
    -99.18567740000002,
    19.3360023,
    -99.1856502,
    19.335952,
    -99.1856311,
    19.3359536,
    -99.1854353,
    19.3359703,
    -99.1853052,
    19.3360045,
    -99.1850933,
    19.3360197,
    -99.184921,
    19.3360248,
    -99.1847259,
    19.3359881,
    -99.1845576,
    19.3358191,
    -99.1840064,
    19.3356565,
    -99.1839682,
    19.3356027,
    -99.18396550000001,
    19.335548,
    -99.1839769,
    19.3355173,
    -99.1839916,
    19.335477500000003,
    -99.1840319,
    19.3354322,
    -99.1841519,
    19.3354097,
    -99.1844101,
    19.3352987,
    -99.1850159,
    19.3352237,
    -99.1854796,
    19.3351807,
    -99.1857149,
    19.3351348,
    -99.1859949,
    19.3351269,
    -99.1860951,
    19.3351029,
    -99.1863,
    19.335064,
    -99.18649840000002,
    19.3348855,
    -99.1876216,
    19.3346691,
    -99.1888936,
    19.3346291,
    -99.1891567,
    19.334623,
    -99.189245,
    19.3346257,
    -99.189325,
    19.3346419,
    -99.18939620000002,
    19.3346629,
    -99.1894455,
    19.3346118,
    -99.1894772,
    19.3345735,
    -99.1894904,
    19.3345266,
    -99.18948620000002,
    19.3344898,
    -99.1894708,
    19.334448,
    -99.1894318,
    19.3344937,
    -99.1893042,
    19.3345058,
    -99.18921,
    19.3345153,
    -99.189168,
    19.3346927,
    -99.1876327,
    19.3348588,
    -99.18621190000002,
    19.3348917,
    -99.1859837,
    19.334958800000003,
    -99.1856053,
    19.3349951,
    -99.18536960000002,
    19.3350263,
    -99.1851454,
    19.3350275,
    -99.1851191,
    19.3351122,
    -99.1843391,
    19.3351842,
    -99.1835724,
    19.3352339,
    -99.183195,
    19.3352914,
    -99.1829328,
    19.3352079,
    -99.1828054,
    19.3351117,
    -99.1824983,
    19.3350485,
    -99.1822091,
    19.3350257,
    -99.1819014,
    19.3350004,
    -99.1816755,
    19.3346739,
    -99.1805174,
    19.334191,
    -99.1790751,
    19.3341028,
    -99.1789249,
    19.3339881,
    -99.1788302,
    19.3338642,
    -99.1787654,
    19.3337786,
    -99.1787354,
    19.3334754,
    -99.1787106,
    19.3334286,
    -99.1787157,
    19.3331885,
    -99.1787746,
    19.332781,
    -99.1787648,
    19.3324074,
    -99.17879280000001,
    19.3323142,
    -99.1788002,
    19.3322293,
    -99.17880490000002,
    19.3319493,
    -99.1788069,
    19.3318231,
    -99.1788089,
    19.3316893,
    -99.1788217,
    19.331485,
    -99.1788566,
    19.3309606,
    -99.1789586,
    19.3306779,
    -99.1790306,
    19.3303993,
    -99.1791109,
    19.3303649,
    -99.1790865,
    19.3303277,
    -99.1790526,
    19.3303026,
    -99.1790134,
    19.3302858,
    -99.1789699,
    19.3302801,
    -99.1789297,
    19.3303156,
    -99.1787942,
    19.331216,
    -99.1786037,
    19.3313052,
    -99.178589,
    19.3313713,
    -99.1785591,
    19.3314178,
    -99.1785219,
    19.3314369,
    -99.1784943,
    19.3314523,
    -99.1784599,
    19.3314659,
    -99.1784106,
    19.3314716,
    -99.1783563,
    19.3314646,
    -99.17829130000001,
    19.3314431,
    -99.1781612,
    19.3314115,
    -99.1780512,
    19.3312514,
    -99.1775671,
    19.331036300000005,
    -99.176975,
    19.3310113,
    -99.1769198,
    19.3309947,
    -99.1769015,
    19.3309813,
    -99.1768899,
    19.3297847,
    -99.1761448,
    19.3293525,
    -99.1758095,
    19.3292702,
    -99.1757277,
    19.3291475,
    -99.1756168,
    19.3289729,
    -99.17547630000001,
    19.3287754,
    -99.1753992,
    19.3277833,
    -99.1752838,
    19.3272277,
    -99.1752041,
    19.3269784,
    -99.1751544,
    19.3263545,
    -99.1750753,
    19.3260508,
    -99.1750565,
    19.3258325,
    -99.1750686,
    19.325692,
    -99.175086,
    19.3255433,
    -99.1751366,
    19.3254035,
    -99.1751872,
    19.3250409,
    -99.1753985,
    19.3249744,
    -99.1754475,
    19.3249029,
    -99.1755232,
    19.3245042,
    -99.1760449,
    19.3243347,
    -99.17620650000002,
    19.3242651,
    -99.17625350000002,
    19.3242372,
    -99.1762709,
    19.3241955,
    -99.176291,
    19.323943,
    -99.1763909,
    19.323844000000005,
    -99.1764298,
    19.3237703,
    -99.1764727,
    19.323713900000005,
    -99.176517,
    19.3235444,
    -99.1766762,
    19.3234621,
    -99.1767678,
    19.3232232,
    -99.1770045,
    19.3228769,
    -99.1773153,
    19.3226787,
    -99.1775128,
    19.322589500000003,
    -99.1776013,
    19.3225319,
    -99.177673,
    19.3224737,
    -99.1777803,
    19.3224414,
    -99.17786410000001,
    19.3224016,
    -99.1780103,
    19.3223857,
    -99.178131,
    19.3223611,
    -99.1782128,
    19.3223494,
    -99.1782406,
    19.3223305,
    -99.1782669,
    19.3223041,
    -99.1782959,
    19.3222763,
    -99.17831340000001,
    19.3222617,
    -99.1783168,
    19.3222187,
    -99.1783127,
    19.322194,
    -99.1783013,
    19.3221124,
    -99.1782309,
    19.3221187,
    -99.1780472,
    19.3221532,
    -99.1778058,
    19.3221579,
    -99.1777562,
    19.3222478,
    -99.1774423,
    19.322425,
    -99.1770511,
    19.3224056,
    -99.1768172,
    19.3224579,
    -99.1763815,
    19.3229527,
    -99.176338,
    19.3230641,
    -99.1762669,
    19.3231022,
    -99.1762394,
    19.3231277,
    -99.1762119,
    19.3231495,
    -99.1761743,
    19.3231625,
    -99.1761321,
    19.3231679,
    -99.17610320000001,
    19.3232318,
    -99.1756754,
    19.3232406,
    -99.1754461,
    19.323260200000004,
    -99.1752436,
    19.3232691,
    -99.1751705,
    19.323299,
    -99.1751001,
    19.3233188,
    -99.17506320000001,
    19.3233368,
    -99.175039,
    19.3233964,
    -99.1749814,
    19.3234298,
    -99.1749626,
    19.3235994,
    -99.1749244,
    19.324386600000004,
    -99.1748554
  ]
}