{
  "col" : [
      0,
      63,
      105
  ],
  "surOeste": [
    19.3230729,
    -99.19468460000002
  ],
  "notEste": [
    19.3336629,
    -99.1796025
  ],
  "polos": [
    19.333434,
    -99.1908775,
    19.3334602,
    -99.19081190000001,
    19.3335907,
    -99.1906214,
    19.3336331,
    -99.1905181,
    19.333637500000002,
    -99.1904517,
    19.3335888,
    -99.1903987,
    19.3334119,
    -99.1902965,
    19.3333147,
    -99.1902532,
    19.3332431,
    -99.1902347,
    19.333007800000004,
    -99.1902056,
    19.3328838,
    -99.1901954,
    19.332103,
    -99.190096,
    19.3313955,
    -99.1900155,
    19.3312283,
    -99.1899996,
    19.3310987,
    -99.1898291,
    19.3310631,
    -99.18981450000001,
    19.3308497,
    -99.1897653,
    19.3307215,
    -99.1897475,
    19.3304466,
    -99.1897243,
    19.3303828,
    -99.1897147,
    19.330026,
    -99.1897005,
    19.3299799,
    -99.1896964,
    19.3298919,
    -99.1896705,
    19.3297969,
    -99.1896587,
    19.3294184,
    -99.1896294,
    19.3288077,
    -99.1897207,
    19.328337,
    -99.189813,
    19.3280574,
    -99.189873,
    19.3279952,
    -99.189898,
    19.3279419,
    -99.1899351,
    19.3279032,
    -99.1899719,
    19.3278684,
    -99.1900161,
    19.3278284,
    -99.1900898,
    19.3277955,
    -99.1901597,
    19.3277418,
    -99.1903091,
    19.3277173,
    -99.1903607,
    19.327698,
    -99.1903881,
    19.3276739,
    -99.1904126,
    19.3276486,
    -99.1904262,
    19.3275877,
    -99.1904434,
    19.3275254,
    -99.1904453,
    19.3274607,
    -99.1904277,
    19.3274113,
    -99.19040480000001,
    19.3273704,
    -99.1903659,
    19.3273453,
    -99.190319,
    19.3273295,
    -99.1902633,
    19.3273204,
    -99.19019590000002,
    19.3273215,
    -99.1901361,
    19.3274122,
    -99.1892904,
    19.3274573,
    -99.18875040000002,
    19.3274644,
    -99.1887173,
    19.3274763,
    -99.1886821,
    19.3275053,
    -99.1886142,
    19.3275239,
    -99.1885854,
    19.3275424,
    -99.1885634,
    19.3276011,
    -99.1885287,
    19.3276648,
    -99.1884967,
    19.3277955,
    -99.1884674,
    19.3280864,
    -99.188698,
    19.3283246,
    -99.1888617,
    19.3284001,
    -99.18888460000001,
    19.3285149,
    -99.1889034,
    19.3291063,
    -99.188956,
    19.3293527,
    -99.1889837,
    19.3296693,
    -99.1890281,
    19.3299687,
    -99.1887649,
    19.330004,
    -99.1887082,
    19.3300384,
    -99.1886412,
    19.3301083,
    -99.1884481,
    19.3302401,
    -99.1874812,
    19.3302732,
    -99.18719560000001,
    19.3306019,
    -99.1855783,
    19.3306156,
    -99.1853492,
    19.3306048,
    -99.1849849,
    19.3305643,
    -99.1843228,
    19.3305632,
    -99.1841905,
    19.3305671,
    -99.1840019,
    19.3305649,
    -99.1834772,
    19.330560400000003,
    -99.1833036,
    19.3305446,
    -99.183132,
    19.3305338,
    -99.1829658,
    19.3305198,
    -99.1828431,
    19.330507,
    -99.182453,
    19.3305362,
    -99.1822365,
    19.3306009,
    -99.1814997,
    19.3306416,
    -99.1811956,
    19.3306525,
    -99.1811467,
    19.330676,
    -99.1809866,
    19.3307426,
    -99.1803565,
    19.3307382,
    -99.1802586,
    19.3307186,
    -99.1801942,
    19.3306901,
    -99.1801299,
    19.3305721,
    -99.1799715,
    19.330239,
    -99.1798358,
    19.3301109,
    -99.1797857,
    19.3296703,
    -99.1796659,
    19.3293782,
    -99.1796025,
    19.328977900000005,
    -99.1798518,
    19.3282647,
    -99.1802571,
    19.3272471,
    -99.1808631,
    19.3271658,
    -99.1809037,
    19.3260606,
    -99.1816246,
    19.325511,
    -99.1821322,
    19.3253835,
    -99.1822844,
    19.3248409,
    -99.182853,
    19.3245207,
    -99.1831595,
    19.3243385,
    -99.1833727,
    19.324248,
    -99.1834954,
    19.3240335,
    -99.18383610000001,
    19.3234077,
    -99.1850813,
    19.3233545,
    -99.185174,
    19.3233128,
    -99.1852613,
    19.3231324,
    -99.1856056,
    19.3231112,
    -99.185672,
    19.32309,
    -99.1857599,
    19.3230729,
    -99.1858765,
    19.3230739,
    -99.186005,
    19.3230921,
    -99.1861416,
    19.3231615,
    -99.18649480000002,
    19.3232577,
    -99.1867375,
    19.3232704,
    -99.1867912,
    19.3232836,
    -99.1868374,
    19.3233444,
    -99.1871164,
    19.3233801,
    -99.1872244,
    19.3234146,
    -99.1872934,
    19.3235222,
    -99.1874664,
    19.3235469,
    -99.1874993,
    19.3236228,
    -99.1875751,
    19.3236595,
    -99.1876052,
    19.3237006,
    -99.1876334,
    19.3237462,
    -99.1876562,
    19.323846200000002,
    -99.18771520000001,
    19.3238987,
    -99.1877367,
    19.3241772,
    -99.1877729,
    19.3254882,
    -99.1879673,
    19.3264254,
    -99.1880558,
    19.3269189,
    -99.1881343,
    19.3269999,
    -99.1881638,
    19.3272878,
    -99.1881916,
    19.3274242,
    -99.1882307,
    19.3276657,
    -99.1883706,
    19.3277955,
    -99.1884674,
    19.3280864,
    -99.188698,
    19.3283246,
    -99.1888617,
    19.3284001,
    -99.18888460000001,
    19.3285149,
    -99.1889034,
    19.3291063,
    -99.188956,
    19.3293527,
    -99.1889837,
    19.3296693,
    -99.1890281,
    19.3299402,
    -99.1890533,
    19.330458,
    -99.1891204,
    19.3306943,
    -99.189156,
    19.3310635,
    -99.1892072,
    19.331104,
    -99.1892514,
    19.3311457,
    -99.1892883,
    19.3312058,
    -99.1893225,
    19.3312381,
    -99.189349,
    19.3312963,
    -99.1894063,
    19.3315254,
    -99.1894466,
    19.3319272,
    -99.1894868,
    19.331986,
    -99.1894955,
    19.3320278,
    -99.18951190000001,
    19.3320486,
    -99.1895295,
    19.3320679,
    -99.1895491,
    19.3320852,
    -99.189581,
    19.332097600000004,
    -99.1896157,
    19.3320988,
    -99.1897397,
    19.3320886,
    -99.1897815,
    19.3320582,
    -99.1898501,
    19.3320385,
    -99.1898763,
    19.3320116,
    -99.1899015,
    19.332007,
    -99.1899014,
    19.3319624,
    -99.1899221,
    19.3318841,
    -99.1899327,
    19.331665,
    -99.1899096,
    19.3315953,
    -99.18989850000001,
    19.3305862,
    -99.1902627,
    19.3303797,
    -99.19035180000002,
    19.3301972,
    -99.19044500000001,
    19.3300026,
    -99.19056840000002,
    19.3298481,
    -99.1907045,
    19.3297456,
    -99.1908132,
    19.3296583,
    -99.1909166,
    19.3295525,
    -99.1910622,
    19.3293339,
    -99.1914936,
    19.3293198,
    -99.1915356,
    19.3292631,
    -99.1916153,
    19.329209,
    -99.1916615,
    19.3291365,
    -99.1916923,
    19.3291313,
    -99.191817,
    19.3291249,
    -99.1918405,
    19.3291071,
    -99.1920832,
    19.3291036,
    -99.1921838,
    19.3291101,
    -99.19232810000001,
    19.3291464,
    -99.19258170000002,
    19.3291636,
    -99.19267570000001,
    19.3292276,
    -99.1929081,
    19.329315,
    -99.1931304,
    19.3294473,
    -99.1933948,
    19.3301737,
    -99.19336890000001,
    19.3302227,
    -99.1933905,
    19.3305243,
    -99.1936155,
    19.3307133,
    -99.19381980000001,
    19.3309372,
    -99.1939933,
    19.3313053,
    -99.1942311,
    19.3315425,
    -99.1945408,
    19.3315912,
    -99.1945898,
    19.3316684,
    -99.1946233,
    19.3318139,
    -99.1946548,
    19.3318933,
    -99.194665,
    19.3322461,
    -99.19468460000002,
    19.3326928,
    -99.1946563,
    19.3330055,
    -99.1946064,
    19.3331249,
    -99.1945508,
    19.3332342,
    -99.1944737,
    19.3333805,
    -99.1943419,
    19.333549200000004,
    -99.1941124,
    19.3335661,
    -99.1940433,
    19.3335581,
    -99.1939739,
    19.3333747,
    -99.1936166,
    19.3333644,
    -99.193566,
    19.3333718,
    -99.1934784,
    19.3336274,
    -99.1927114,
    19.3336343,
    -99.1926511,
    19.3336074,
    -99.19250330000001,
    19.3336205,
    -99.1924072,
    19.333656600000005,
    -99.1922451,
    19.3336629,
    -99.19215530000001,
    19.3336584,
    -99.1920341,
    19.3336429,
    -99.1919071,
    19.3336098,
    -99.1917591,
