{
  "col" : [
      42,
      97,
      158
  ],
  "surOeste": [
    19.32238,
    -99.1879761
  ],
  "notEste": [
    19.3297016,
    -99.1776132
  ],
  "polos": [
    19.3238987,
    -99.1877367,
    19.3241772,
    -99.1877729,
    19.3241974,
    -99.1878144,
    19.3242037,
    -99.18784260000001,
    19.3242043,
    -99.1878788,
    19.3241993,
    -99.1879264,
    19.3241822,
    -99.1879532,
    19.3241619,
    -99.1879761,
    19.3239145,
    -99.18797400000001,
    19.3235564,
    -99.187907,
    19.3234766,
    -99.1878533,
    19.3233425,
    -99.1877903,
    19.3232172,
    -99.1877098,
    19.3231122,
    -99.1876253,
    19.3228084,
    -99.1873397,
    19.3226502,
    -99.1871714,
    19.3225148,
    -99.1870037,
    19.322449,
    -99.1868703,
    19.3224066,
    -99.1867369,
    19.3223921,
    -99.1866604,
    19.3223816,
    -99.1865689,
    19.32238,
    -99.1864666,
    19.3224085,
    -99.1862333,
    19.322436,
    -99.1861253,
    19.3225749,
    -99.1855332,
    19.3227236,
    -99.1849968,
    19.3228072,
    -99.184748,
    19.3229008,
    -99.1843725,
    19.3230248,
    -99.1839521,
    19.3231236,
    -99.1836959,
    19.3232444,
    -99.1834565,
    19.3233074,
    -99.18335430000002,
    19.3234248,
    -99.1831876,
    19.3241132,
    -99.1825493,
    19.3252092,
    -99.1815964,
    19.3264681,
    -99.1804474,
    19.326742,
    -99.17802330000002,
    19.3267771,
    -99.177774,
    19.326792100000002,
    -99.1776681,
    19.3268085,
    -99.1776192,
    19.3268577,
    -99.1776132,
    19.3272772,
    -99.1776751,
    19.3272099,
    -99.1782067,
    19.3270095,
    -99.1781808,
    19.3269226,
    -99.1781787,
    19.3268691,
    -99.1781891,
    19.3268175,
    -99.1782338,
    19.326779,
    -99.178289,
    19.3267456,
    -99.1783723,
    19.3265537,
    -99.1802291,
    19.3265677,
    -99.1803051,
    19.3265982,
    -99.1803386,
    19.3266313,
    -99.1803171,
    19.3268489,
    -99.180204,
    19.3270867,
    -99.1801191,
    19.327651,
    -99.1797904,
    19.328024200000005,
    -99.1795766,
    19.3287525,
    -99.1792015,
    19.3290783,
    -99.1790543,
    19.3293807,
    -99.1789599,
    19.3296198,
    -99.178903,
    19.3296782,
    -99.1790199,
    19.329691,
    -99.1790617,
    19.3297016,
    -99.1791144,
    19.3296982,
    -99.1791804,
    19.3296877,
    -99.1792327,
    19.3296541,
    -99.1793326,
    19.3296052,
    -99.179458,
    19.328977900000005,
    -99.1798518,
    19.3282647,
    -99.1802571,
    19.3272471,
    -99.1808631,
    19.3271658,
    -99.1809037,
    19.3260606,
    -99.1816246,
    19.325511,
    -99.1821322,
    19.3253835,
    -99.1822844,
    19.3248409,
    -99.182853,
    19.3245207,
    -99.1831595,
    19.3243385,
    -99.1833727,
    19.324248,
    -99.1834954,
    19.3240335,
    -99.18383610000001,
    19.3234077,
    -99.1850813,
    19.3233545,
    -99.185174,
    19.3233128,
    -99.1852613,
    19.3231324,
    -99.1856056,
    19.3231112,
    -99.185672,
    19.32309,
    -99.1857599,
    19.3230729,
    -99.1858765,
    19.3230739,
    -99.186005,
    19.3230921,
    -99.1861416,
    19.3231615,
    -99.18649480000002,
    19.3232577,
    -99.1867375,
    19.3232704,
    -99.1867912,
    19.3232836,
    -99.1868374,
    19.3233444,
    -99.1871164,
    19.3233801,
    -99.1872244,
    19.3234146,
    -99.1872934,
    19.3235222,
    -99.1874664,
    19.3235469,
    -99.1874993,
    19.3236228,
    -99.1875751,
    19.3236595,
    -99.1876052,
    19.3237006,
    -99.1876334,
    19.3237462,
    -99.1876562,
    19.3238503,
    -99.1877165,
    19.3238987,
    -99.1877367
  ]
}