{
  "col" : [
      131,
      83,
      30
  ],
  "surOeste": [
    19.3211176,
    -99.1948445
  ],
  "notEste": [
    19.3273185,
    -99.1748238
  ],
  "polos": [
    19.3255376,
    -99.1748339,
    19.3255869,
    -99.1748258,
    19.325665400000002,
    -99.1748238,
    19.3257129,
    -99.1749264,
    19.3257154,
    -99.1749714,
    19.3257065,
    -99.1750398,
    19.325692,
    -99.175086,
    19.3255433,
    -99.1751366,
    19.3254035,
    -99.1751872,
    19.3250409,
    -99.1753985,
    19.3249744,
    -99.1754475,
    19.3249029,
    -99.1755232,
    19.3245042,
    -99.1760449,
    19.3243347,
    -99.17620650000002,
    19.3242372,
    -99.1762709,
    19.3241955,
    -99.176291,
    19.323844000000005,
    -99.1764298,
    19.3237703,
    -99.1764727,
    19.323713900000005,
    -99.176517,
    19.3235444,
    -99.1766762,
    19.3234621,
    -99.1767678,
    19.3232232,
    -99.1770045,
    19.3228769,
    -99.1773153,
    19.322589500000003,
    -99.1776013,
    19.3225319,
    -99.177673,
    19.3224737,
    -99.1777803,
    19.3224414,
    -99.17786410000001,
    19.3224016,
    -99.1780103,
    19.3223857,
    -99.178131,
    19.3223838,
    -99.1782765,
    19.322403,
    -99.1783779,
    19.3224512,
    -99.1785477,
    19.3224642,
    -99.1785843,
    19.322573,
    -99.1790007,
    19.322697,
    -99.1793628,
    19.323035,
    -99.1803914,
    19.323221,
    -99.1809185,
    19.3233167,
    -99.1812561,
    19.3235538,
    -99.1820142,
    19.3236481,
    -99.1822569,
    19.3236943,
    -99.1823481,
    19.3237623,
    -99.1824453,
    19.3237899,
    -99.1824782,
    19.323843700000005,
    -99.18251640000001,
    19.3239095,
    -99.1825422,
    19.3240015,
    -99.1825511,
    19.3241132,
    -99.1825493,
    19.3252092,
    -99.1815964,
    19.3253054,
    -99.1816045,
    19.3253585,
    -99.1816159,
    19.3254287,
    -99.1816474,
    19.3254724,
    -99.18169100000001,
    19.3255072,
    -99.1817366,
    19.3255256,
    -99.1817734,
    19.3255319,
    -99.1817989,
    19.3255376,
    -99.1818848,
    19.3255363,
    -99.1819417,
    19.325511,
    -99.1821322,
    19.3253835,
    -99.1822844,
    19.3248409,
    -99.182853,
    19.3245207,
    -99.1831595,
    19.3243385,
    -99.1833727,
    19.324248,
    -99.1834954,
    19.3240335,
    -99.18383610000001,
    19.3234077,
    -99.1850813,
    19.3233545,
    -99.185174,
    19.3233128,
    -99.1852613,
    19.3231324,
    -99.1856056,
    19.3231112,
    -99.185672,
    19.32309,
    -99.1857599,
    19.3230729,
    -99.1858765,
    19.3230739,
    -99.186005,
    19.3230921,
    -99.1861416,
    19.3231615,
    -99.18649480000002,
    19.3232577,
    -99.1867375,
    19.323348,
    -99.1871244,
    19.3233801,
    -99.1872244,
    19.3234146,
    -99.1872934,
    19.3235222,
    -99.1874664,
    19.3235469,
    -99.1874993,
    19.3236228,
    -99.1875751,
    19.3237006,
    -99.1876334,
    19.323846200000002,
    -99.18771520000001,
    19.3238987,
    -99.1877367,
    19.3241772,
    -99.1877729,
    19.3254882,
    -99.1879673,
    19.3264254,
    -99.1880558,
    19.3269189,
    -99.1881343,
    19.3269999,
    -99.1881638,
    19.3271871,
    -99.188303,
    19.3272377,
    -99.1883644,
    19.3273135,
    -99.1885814,
    19.3273185,
    -99.1888106,
    19.3272881,
    -99.1892041,
    19.3272489,
    -99.1893177,
    19.327197,
    -99.1894027,
    19.327093900000005,
    -99.1894971,
    19.3267455,
    -99.1894586,
    19.3263317,
    -99.1894345,
    19.3255525,
    -99.1893232,
    19.325468,
    -99.1893125,
    19.3254243,
    -99.18931420000001,
    19.3253762,
    -99.1893239,
    19.3252475,
    -99.1893882,
    19.3252123,
    -99.189413,
    19.3251718,
    -99.1894526,
    19.3250972,
    -99.1895472,
    19.3250409,
    -99.1896497,
    19.324995,
    -99.1897497,
    19.3249295,
    -99.1899421,
    19.3249118,
    -99.1899837,
    19.3248612,
    -99.1901258,
    19.3247871,
    -99.19054830000002,
    19.3247257,
    -99.1907662,
    19.3246802,
    -99.190897,
    19.3245796,
    -99.1911069,
    19.3243391,
    -99.191535,
    19.3242683,
    -99.1917043,
    19.3241841,
    -99.1918418,
    19.3238006,
    -99.1923702,
    19.3235899,
    -99.19259410000001,
    19.3234374,
    -99.1927189,
    19.3227195,
    -99.1931846,
    19.322599,
    -99.1932815,
    19.3225161,
    -99.1934042,
    19.3224262,
    -99.1935725,
    19.3224003,
    -99.1936409,
    19.3223743,
    -99.1937475,
    19.3223617,
    -99.1938132,
    19.3223617,
    -99.1938823,
    19.3223709,
    -99.1939886,
    19.3223876,
    -99.1940895,
    19.3224161,
    -99.1941512,
    19.3224686,
    -99.1942243,
    19.3225224,
    -99.19427990000001,
    19.3225684,
    -99.1943134,
    19.3226651,
    -99.1943704,
    19.322718500000004,
    -99.1944261,
    19.3227562,
    -99.1944741,
    19.3227756,
    -99.1945206,
    19.3227847,
    -99.1945642,
    19.3227817,
    -99.1946333,
    19.3227686,
    -99.1946916,
    19.3227462,
    -99.1947337,
    19.3227151,
    -99.1947731,
    19.3226806,
    -99.194805,
    19.3226281,
    -99.1948311,
    19.3225591,
    -99.1948445,
    19.3219441,
    -99.1945709,
    19.3215264,
    -99.1942943,
    19.321268200000002,
    -99.1941142,
    19.3212268,
    -99.1940777,
    19.3211879,
    -99.1940345,
    19.3211553,
    -99.1939862,
    19.321137800000002,
    -99.193938,
    19.3211261,
    -99.1938836,
    19.3211187,
    -99.1938169,
    19.3211176,
    -99.19375150000002,
    19.3211256,
    -99.1936761,
    19.3211531,
    -99.1935537,
    19.3211771,
    -99.1934927,
    19.321205,
    -99.1933941,
    19.3213258,
    -99.1931836,
    19.321429,
    -99.1930374,
    19.3216485,
    -99.19288990000001,
    19.323065300000003,
    -99.1922669,
    19.3233425,
    -99.1921046,
    19.3237747,
    -99.1918176,
    19.3242486,
    -99.19140060000001,
    19.324364100000004,
    -99.1912135,
    19.3244619,
    -99.1910653,
    19.324537200000005,
    -99.1909064,
    19.3245764,
    -99.1907327,
    19.3246017,
    -99.1905543,
    19.3246979,
    -99.1900494,
    19.3247378,
    -99.1898898,
    19.3247479,
    -99.1898637,
    19.3249365,
    -99.1894774,
    19.3250282,
    -99.1893245,
    19.3250833,
    -99.1891884,
    19.3251276,
    -99.1889691,
    19.3251731,
    -99.1885279,
    19.3252003,
    -99.1883683,
    19.3251503,
    -99.188261,
    19.3251092,
    -99.1881953,
    19.3250605,
    -99.1881417,
    19.3249966,
    -99.1880954,
    19.3249181,
    -99.1880632,
    19.3241619,
    -99.1879761,
    19.3239145,
    -99.18797400000001,
    19.3235564,
    -99.187907,
    19.3234766,
    -99.1878533,
    19.3233425,
    -99.1877903,
    19.3232172,
    -99.1877098,
    19.3231122,
    -99.1876253,
    19.3228084,
    -99.1873397,
    19.3226502,
    -99.1871714,
    19.3225148,
    -99.1870037,
    19.322449,
    -99.1868703,
    19.3224066,
    -99.1867369,
    19.3223921,
    -99.1866604,
    19.3223816,
    -99.1865689,
    19.32238,
    -99.1864666,
    19.3224085,
    -99.1862333,
    19.322436,
    -99.1861253,
    19.3225749,
    -99.1855332,
    19.3227236,
    -99.1849968,
    19.3228072,
    -99.184748,
    19.3229008,
    -99.1843725,
    19.3230248,
    -99.1839521,
    19.3231236,
    -99.1836959,
    19.323239400000002,
    -99.1834673,
    19.3233074,
    -99.18335430000002,
    19.3234248,
    -99.1831876,
    19.3235089,
    -99.1830019,
    19.3235652,
    -99.1828108,
    19.323576,
    -99.1826452,
    19.3235608,
    -99.1824487,
    19.3235349,
    -99.1823427,
    19.3234348,
    -99.1820839,
    19.322797,
    -99.18047060000002,
    19.3222402,
    -99.178998,
    19.3221541,
    -99.1786393,
    19.3221168,
    -99.1783758,
    19.3221124,
    -99.1782309,
    19.3221187,
    -99.1780472,
    19.3221532,
    -99.1778058,
    19.3221567,
    -99.1777635,
    19.3222478,
    -99.1774423,
    19.322425,
    -99.1770511,
    19.3229113,
    -99.17656170000001,
