{
  "col" : [
      47,
      29,
      14
  ],
  "surOeste": [
    19.3081165,
    -99.1948445
  ],
  "notEste": [
    19.3253762,
    -99.1789752
  ],
  "polos": [
    19.3241521,
    -99.1894684,
    19.3246733,
    -99.1895118,
    19.3249365,
    -99.1894774,
    19.3250282,
    -99.1893245,
    19.3250833,
    -99.1891884,
    19.325101300000004,
    -99.1890962,
    19.325216,
    -99.1891011,
    19.3252582,
    -99.1891093,
    19.325295900000004,
    -99.1891268,
    19.3253354,
    -99.1891673,
    19.325351,
    -99.1891947,
    19.3253695,
    -99.1892601,
    19.3253762,
    -99.1893239,
    19.3252475,
    -99.1893882,
    19.3252123,
    -99.189413,
    19.3251718,
    -99.1894526,
    19.3250972,
    -99.1895472,
    19.3250409,
    -99.1896497,
    19.324995,
    -99.1897497,
    19.3249295,
    -99.1899421,
    19.3249118,
    -99.1899837,
    19.3248612,
    -99.1901258,
    19.3247871,
    -99.19054830000002,
    19.3247257,
    -99.1907662,
    19.3246802,
    -99.190897,
    19.3245796,
    -99.1911069,
    19.3243391,
    -99.191535,
    19.3242683,
    -99.1917043,
    19.3241841,
    -99.1918418,
    19.3238006,
    -99.1923702,
    19.3235899,
    -99.19259410000001,
    19.3234374,
    -99.1927189,
    19.3231356,
    -99.1929113,
    19.3229692,
    -99.19302330000001,
    19.3227195,
    -99.1931846,
    19.322599,
    -99.1932815,
    19.3225161,
    -99.1934042,
    19.3224509,
    -99.1935232,
    19.3224262,
    -99.1935725,
    19.3224003,
    -99.1936409,
    19.3223743,
    -99.1937475,
    19.3223617,
    -99.1938132,
    19.3223617,
    -99.1938823,
    19.3223709,
    -99.1939886,
    19.3223876,
    -99.1940895,
    19.3224161,
    -99.1941512,
    19.3224686,
    -99.1942243,
    19.3225224,
    -99.19427990000001,
    19.3225684,
    -99.1943134,
    19.3226651,
    -99.1943704,
    19.322718500000004,
    -99.1944261,
    19.3227562,
    -99.1944741,
    19.3227756,
    -99.1945206,
    19.3227847,
    -99.1945642,
    19.3227817,
    -99.1946333,
    19.3227686,
    -99.1946916,
    19.3227462,
    -99.1947337,
    19.3227151,
    -99.1947731,
    19.3226806,
    -99.194805,
    19.3226281,
    -99.1948311,
    19.3225591,
    -99.1948445,
    19.3219441,
    -99.1945709,
    19.3215264,
    -99.1942943,
    19.321268200000002,
    -99.1941142,
    19.3212268,
    -99.1940777,
    19.3211879,
    -99.1940345,
    19.3211553,
    -99.1939862,
    19.321137800000002,
    -99.193938,
    19.3211261,
    -99.1938836,
    19.3211187,
    -99.1938169,
    19.3211176,
    -99.19375150000002,
    19.3211256,
    -99.1936761,
    19.3211531,
    -99.1935537,
    19.3211771,
    -99.1934927,
    19.321205,
    -99.1933941,
    19.3213258,
    -99.1931836,
    19.321429,
    -99.1930374,
    19.3216485,
    -99.19288990000001,
    19.3228315,
    -99.1923732,
    19.323065300000003,
    -99.1922669,
    19.3233425,
    -99.1921046,
    19.3237747,
    -99.1918176,
    19.3242486,
    -99.19140060000001,
    19.324267,
    -99.1908708,
    19.3242814,
    -99.1905617,
    19.3242831,
    -99.1904242,
    19.3242777,
    -99.19033370000001,
    19.3242625,
    -99.1902278,
    19.3242448,
    -99.1901529,
    19.3241789,
    -99.1900263,
    19.3241282,
    -99.189953,
    19.3240869,
    -99.1899093,
    19.3239899,
    -99.1898255,
    19.323925,
    -99.1897864,
    19.3238785,
    -99.1897628,
    19.3237383,
    -99.189722,
    19.3236522,
    -99.1897098,
    19.3228927,
    -99.18965540000002,
    19.3225674,
    -99.189608,
    19.3221883,
    -99.1895311,
    19.3220755,
    -99.1895123,
    19.321051,
    -99.189275,
    19.3206162,
    -99.1891798,
    19.3191841,
    -99.1890303,
    19.318862,
    -99.1889907,
    19.3187717,
    -99.1889744,
    19.3184864,
    -99.1889352,
    19.3183562,
    -99.1889216,
    19.3182209,
    -99.1889012,
    19.318108,
    -99.1888766,
    19.3180279,
    -99.1888466,
    19.317982,
    -99.1888146,
    19.3179171,
    -99.1887611,
    19.317844300000004,
    -99.1886736,
    19.3177972,
    -99.1885682,
    19.3177628,
    -99.1883686,
    19.3177418,
    -99.1881195,
    19.3175702,
    -99.1868716,
    19.317393,
    -99.1866329,
    19.3172829,
    -99.1865645,
    19.3171956,
    -99.1865189,
    19.3171247,
    -99.1865055,
    19.3151592,
    -99.18636,
    19.3150437,
    -99.1863491,
    19.3148877,
    -99.18632880000001,
    19.314599,
    -99.1862965,
    19.313123100000002,
    -99.1861798,
    19.3130191,
    -99.1861589,
    19.312914,
    -99.1861039,
    19.3128066,
    -99.1860669,
    19.312689,
    -99.1860219,
    19.3123199,
    -99.1858751,
    19.3120597,
    -99.1857417,
    19.3119963,
    -99.1857391,
    19.3119304,
    -99.1857499,
    19.311853,
    -99.1857809,
    19.3117892,
    -99.1858295,
    19.3117413,
    -99.1858995,
    19.3116775,
    -99.186021,
    19.311588,
    -99.18622230000001,
    19.311577,
    -99.18628140000001,
    19.3115806,
    -99.1863916,
    19.3116089,
    -99.1864863,
    19.311694,
    -99.1866872,
    19.3117316,
    -99.1867446,
    19.3116867,
    -99.1868119,
    19.3116519,
    -99.1868592,
    19.3116134,
    -99.1868934,
    19.3115464,
    -99.1869014,
    19.3110624,
    -99.1868161,
    19.3110253,
    -99.1867892,
    19.3110033,
    -99.1867353,
    19.3110123,
    -99.1866541,
    19.3110568,
    -99.1865808,
    19.3111114,
    -99.1864842,
    19.3111686,
    -99.1863635,
    19.3112625,
    -99.1862227,
    19.3114171,
    -99.1860174,
    19.3115732,
    -99.1857304,
    19.311631,
    -99.1856191,
    19.3116954,
    -99.1854682,
    19.3117673,
    -99.18524220000002,
    19.311799,
    -99.1851228,
    19.3118192,
    -99.1849887,
    19.3118211,
    -99.1848479,
    19.3118065,
    -99.18470210000001,
    19.311780600000002,
    -99.1845347,
    19.3117449,
    -99.1844147,
    19.311051,
    -99.1826492,
    19.3105669,
    -99.1814258,
    19.3104776,
    -99.181176,
    19.3103397,
    -99.1808092,
    19.3103207,
    -99.1807773,
    19.3102067,
    -99.1806234,
    19.3101457,
    -99.180558,
    19.3100803,
    -99.1804946,
    19.3099688,
    -99.1804108,
    19.3098214,
    -99.1803318,
    19.3096695,
    -99.1802808,
    19.3095651,
    -99.1802607,
    19.3093727,
    -99.1802499,
    19.3090623,
    -99.1802868,
    19.3083058,
    -99.180382,
    19.3082494,
    -99.1803445,
    19.3081994,
    -99.1803056,
    19.3081545,
    -99.1802459,
    19.3081254,
    -99.1801889,
    19.3081165,
    -99.180134,
    19.3081203,
    -99.1800857,
    19.3081311,
    -99.1800367,
    19.3081614,
    -99.1799777,
    19.3081905,
    -99.1799461,
    19.3082171,
    -99.1799274,
    19.308257,
    -99.1799052,
    19.3082985,
    -99.17989150000001,
    19.3083543,
    -99.1798823,
    19.3084165,
    -99.1798811,
    19.3084756,
    -99.1799318,
    19.3085715,
    -99.1799777,
    19.3086348,
    -99.1799911,
    19.3086864,
    -99.1799985,
    19.3087941,
    -99.1799941,
    19.3090056,
    -99.1799724,
    19.3094189,
    -99.1799394,
    19.3094885,
    -99.1799419,
    19.3095663,
    -99.1799502,
    19.3097068,
    -99.1799811,
    19.3098016,
    -99.1799581,
    19.3100723,
    -99.1799003,
    19.3101481,
    -99.1798777,
    19.3102049,
    -99.1798565,
    19.3103222,
    -99.1797751,
    19.31037,
    -99.1797534,
    19.3104933,
    -99.1796064,
    19.310609100000004,
    -99.1794916,
    19.3106887,
    -99.1794411,
    19.3108304,
    -99.179367,
    19.3109326,
    -99.179337,
    19.3112196,
    -99.1792929,
    19.314048,
    -99.1789752,
    19.3139563,
    -99.17914040000001,
    19.313903200000002,
    -99.1792251,
    19.3138793,
    -99.17932530000002,
    19.3138638,
    -99.1794377,
    19.3138668,
    -99.1795851,
    19.3138931,
    -99.1798251,
    19.3140005,
    -99.1807719,
    19.3140784,
    -99.1812748,
    19.3141508,
    -99.18195340000001,
    19.3141526,
    -99.1820933,
    19.3141361,
    -99.1821601,
    19.314076,
    -99.1822447,
