{
  "col" : [
      133,
      10,
      44
  ],
  "surOeste": [
    19.3230729,
    -99.1896068
  ],
  "notEste": [
    19.3352914,
    -99.1787106
  ],
  "polos": [
    19.332918,
    -99.18944320000001,
    19.3332306,
    -99.1895357,
    19.3342772,
    -99.1896068,
    19.3343866,
    -99.1894895,
    19.334448,
    -99.1894318,
    19.3344937,
    -99.1893042,
    19.3345058,
    -99.18921,
    19.3345153,
    -99.189168,
    19.3346927,
    -99.1876327,
    19.3348588,
    -99.18621190000002,
    19.3348917,
    -99.1859837,
    19.334958800000003,
    -99.1856053,
    19.3350263,
    -99.1851514,
    19.3350275,
    -99.1851191,
    19.3351115,
    -99.1843385,
    19.3351813,
    -99.1835994,
    19.3352332,
    -99.1831943,
    19.3352914,
    -99.1829328,
    19.3352079,
    -99.1828054,
    19.3351143,
    -99.1825027,
    19.3350497,
    -99.182216,
    19.3350257,
    -99.1819014,
    19.3350004,
    -99.1816755,
    19.3346739,
    -99.1805174,
    19.334191,
    -99.1790751,
    19.3341028,
    -99.1789249,
    19.3339881,
    -99.1788302,
    19.3338642,
    -99.1787654,
    19.3337786,
    -99.1787354,
    19.3334754,
    -99.1787106,
    19.3334286,
    -99.1787157,
    19.3331885,
    -99.1787746,
    19.332781,
    -99.1787648,
    19.3324074,
    -99.17879280000001,
    19.3323142,
    -99.1788002,
    19.3322293,
    -99.17880490000002,
    19.3319493,
    -99.1788069,
    19.3318231,
    -99.1788089,
    19.3316893,
    -99.1788217,
    19.331485,
    -99.1788566,
    19.3309606,
    -99.1789586,
    19.3306779,
    -99.1790306,
    19.3303993,
    -99.1791109,
    19.3302497,
    -99.179162,
    19.3296052,
    -99.179458,
    19.328977900000005,
    -99.1798518,
    19.3282647,
    -99.1802571,
    19.3272471,
    -99.1808631,
    19.3271658,
    -99.1809037,
    19.3260606,
    -99.1816246,
    19.325511,
    -99.1821322,
    19.3253835,
    -99.1822844,
    19.3248409,
    -99.182853,
    19.3245207,
    -99.1831595,
    19.3243385,
    -99.1833727,
    19.324248,
    -99.1834954,
    19.3240335,
    -99.18383610000001,
    19.3234077,
    -99.1850813,
    19.3233545,
    -99.185174,
    19.3233128,
    -99.1852613,
    19.3231324,
    -99.1856056,
    19.3231112,
    -99.185672,
    19.32309,
    -99.1857599,
    19.3230729,
    -99.1858765,
    19.3230739,
    -99.186005,
    19.3230921,
    -99.1861416,
    19.3231615,
    -99.18649480000002,
    19.3232577,
    -99.1867375,
    19.3232704,
    -99.1867912,
    19.3232836,
    -99.1868374,
    19.3233444,
    -99.1871164,
    19.3233801,
    -99.1872244,
    19.3234146,
    -99.1872934,
    19.3235222,
    -99.1874664,
    19.3235469,
    -99.1874993,
    19.3236228,
    -99.1875751,
    19.3236595,
    -99.1876052,
    19.3237006,
    -99.1876334,
    19.3237462,
    -99.1876562,
    19.323846200000002,
    -99.18771520000001,
    19.3238987,
    -99.1877367,
    19.3241772,
    -99.1877729,
    19.3254882,
    -99.1879673,
    19.3264254,
    -99.1880558,
    19.3269189,
    -99.1881343,
    19.3269999,
    -99.1881638,
    19.3272815,
    -99.1881923,
    19.3274242,
    -99.1882307,
    19.3276657,
    -99.1883706,
    19.3280864,
    -99.188698,
    19.3283246,
    -99.1888617,
    19.3284001,
    -99.18888460000001,
    19.3285149,
    -99.1889034,
    19.3291063,
    -99.188956,
    19.3293527,
    -99.1889837,
    19.3296693,
    -99.1890281,
    19.3299402,
    -99.1890533,
    19.330458,
    -99.1891204,
    19.3310635,
    -99.1892072,
    19.3315412,
    -99.189285,
    19.332012900000002,
    -99.1893309,
    19.332918,
    -99.18944320000001
  ]
}