{
    "col" : [
        255,
        230,
        21
    ],
  "surOeste": [
    19.3221124,
    -99.1879761
  ],
  "notEste": [
    19.3257154,
    -99.1748238
  ],
  "polos": [
    19.3255376,
    -99.1748339,
    19.325404100000004,
    -99.1748419,
    19.325344,
    -99.174854,
    19.3252838,
    -99.1748815,
    19.3251294,
    -99.1749593,
    19.3248814,
    -99.1751182,
    19.324818700000005,
    -99.17519260000002,
    19.3246783,
    -99.1753757,
    19.3244037,
    -99.1757774,
    19.3242788,
    -99.1759333,
    19.3241145,
    -99.1761053,
    19.3238943,
    -99.1761924,
    19.3234276,
    -99.176284,
    19.3233469,
    -99.1763151,
    19.3232951,
    -99.1763368,
    19.3231185,
    -99.1764231,
    19.3229113,
    -99.17656170000001,
    19.322425,
    -99.1770511,
    19.3222478,
    -99.1774423,
    19.3221579,
    -99.1777562,
    19.3221532,
    -99.1778058,
    19.3221187,
    -99.1780472,
    19.3221124,
    -99.1782309,
    19.3221168,
    -99.1783758,
    19.3221541,
    -99.1786393,
    19.3222402,
    -99.178998,
    19.322797,
    -99.18047060000002,
    19.3234348,
    -99.1820839,
    19.3235349,
    -99.1823427,
    19.3235608,
    -99.1824487,
    19.323576,
    -99.1826452,
    19.3235652,
    -99.1828108,
    19.3235089,
    -99.1830019,
    19.3234248,
    -99.1831876,
    19.3233121,
    -99.1833472,
    19.323239400000002,
    -99.1834673,
    19.3231236,
    -99.1836959,
    19.3230248,
    -99.1839521,
    19.3229008,
    -99.1843725,
    19.3228072,
    -99.184748,
    19.3227236,
    -99.1849968,
    19.3225749,
    -99.1855332,
    19.322436,
    -99.1861253,
    19.3224085,
    -99.1862333,
    19.322387,
    -99.186409,
    19.32238,
    -99.1864666,
    19.3223819,
    -99.1865323,
    19.3223816,
    -99.1865689,
    19.3223921,
    -99.1866604,
    19.3224066,
    -99.1867369,
    19.322449,
    -99.1868703,
    19.3225148,
    -99.1870037,
    19.3226502,
    -99.1871714,
    19.3228084,
    -99.1873397,
    19.3231122,
    -99.1876253,
    19.3232172,
    -99.1877098,
    19.3233425,
    -99.1877903,
    19.3234766,
    -99.1878533,
    19.3235564,
    -99.187907,
    19.3239145,
    -99.18797400000001,
    19.3241619,
    -99.1879761,
    19.3241822,
    -99.1879532,
    19.3241993,
    -99.1879264,
    19.3242043,
    -99.1878788,
    19.3242037,
    -99.18784260000001,
    19.3241974,
    -99.1878144,
    19.3241772,
    -99.1877729,
    19.3238987,
    -99.1877367,
    19.323846200000002,
    -99.18771520000001,
    19.3237462,
    -99.1876562,
    19.3237006,
    -99.1876334,
    19.3236595,
    -99.1876052,
    19.3236228,
    -99.1875751,
    19.3235469,
    -99.1874993,
    19.3235222,
    -99.1874664,
    19.3234146,
    -99.1872934,
    19.3233801,
    -99.1872244,
    19.3233444,
    -99.1871164,
    19.3232836,
    -99.1868374,
    19.3232704,
    -99.1867912,
    19.3232577,
    -99.1867375,
    19.3231615,
    -99.18649480000002,
    19.3230921,
    -99.1861416,
    19.3230739,
    -99.186005,
    19.3230729,
    -99.1858765,
    19.32309,
    -99.1857599,
    19.3231112,
    -99.185672,
    19.3231324,
    -99.1856056,
    19.3233128,
    -99.1852613,
    19.3233545,
    -99.185174,
    19.3234077,
    -99.1850813,
    19.3240335,
    -99.18383610000001,
    19.324248,
    -99.1834954,
    19.3243385,
    -99.1833727,
    19.3245207,
    -99.1831595,
    19.3248409,
    -99.182853,
    19.3253835,
    -99.1822844,
    19.325511,
    -99.1821322,
    19.3255363,
    -99.1819417,
    19.3255376,
    -99.1818848,
    19.3255319,
    -99.1817989,
    19.3255256,
    -99.1817734,
    19.3255072,
    -99.1817366,
    19.3254724,
    -99.18169100000001,
    19.3254287,
    -99.1816474,
    19.3253585,
    -99.1816159,
    19.3253054,
    -99.1816045,
    19.3252092,
    -99.1815964,
    19.3241132,
    -99.1825493,
    19.3240015,
    -99.1825511,
    19.3239095,
    -99.1825422,
    19.323843700000005,
    -99.18251640000001,
    19.3237899,
    -99.1824782,
    19.3237623,
    -99.1824453,
    19.3236943,
    -99.1823481,
    19.3236481,
    -99.1822569,
    19.3235538,
    -99.1820142,
    19.3233167,
    -99.1812561,
    19.323221,
    -99.1809185,
    19.323035,
    -99.1803914,
    19.322773,
    -99.1795935,
    19.322697,
    -99.1793628,
    19.322573,
    -99.1790007,
    19.3224642,
    -99.1785843,
    19.3224512,
    -99.1785477,
    19.322403,
    -99.1783779,
    19.3223838,
    -99.1782765,
    19.3223857,
    -99.178131,
    19.3224016,
    -99.1780103,
    19.3224414,
    -99.17786410000001,
    19.3224737,
    -99.1777803,
    19.3225319,
    -99.177673,
    19.322589500000003,
    -99.1776013,
    19.3226743,
    -99.1775161,
    19.3228769,
    -99.1773153,
    19.3232232,
    -99.1770045,
    19.3234621,
    -99.1767678,
    19.3235444,
    -99.1766762,
    19.323713900000005,
    -99.176517,
    19.3237703,
    -99.1764727,
    19.323844000000005,
    -99.1764298,
    19.323943,
    -99.1763909,
    19.3241955,
    -99.176291,
    19.3242372,
    -99.1762709,
    19.3242651,
    -99.17625350000002,
    19.3243347,
    -99.17620650000002,
    19.3245042,
    -99.1760449,
    19.3249029,
    -99.1755232,
    19.3249744,
    -99.1754475,
    19.3250409,
    -99.1753985,
    19.3254035,
    -99.1751872,
    19.3255433,
    -99.1751366,
    19.325692,
    -99.175086,
    19.3257065,
    -99.1750398,
    19.3257154,
    -99.1749714,
    19.3257129,
    -99.1749264,
    19.325665400000002,
    -99.1748238,
    19.3255869,
    -99.1748258,
    19.3255376,
    -99.1748339
  ]
}