{
  "col" : [
      243,
      115,
      38
  ],
  "surOeste": [
    19.3211176,
    -99.1949236
  ],
  "notEste": [
    19.3336629,
    -99.178903
  ],
  "polos": [
    19.3334602,
    -99.19081190000001,
    19.333434,
    -99.1908775,
    19.3334052,
    -99.1909486,
    19.333388,
    -99.1910452,
    19.3333917,
    -99.1911391,
    19.3334167,
    -99.1912223,
    19.3335679,
    -99.1916113,
    19.3336098,
    -99.1917591,
    19.3336429,
    -99.1919071,
    19.3336584,
    -99.1920341,
    19.3336629,
    -99.19215530000001,
    19.333656600000005,
    -99.1922451,
    19.3336205,
    -99.1924072,
    19.3336074,
    -99.19250330000001,
    19.3336343,
    -99.1926511,
    19.3336274,
    -99.1927114,
    19.3333718,
    -99.1934784,
    19.3333644,
    -99.193566,
    19.3333747,
    -99.1936166,
    19.3335581,
    -99.1939739,
    19.3335661,
    -99.1940433,
    19.333549200000004,
    -99.1941124,
    19.3333805,
    -99.1943419,
    19.3332342,
    -99.1944737,
    19.3331249,
    -99.1945508,
    19.3330055,
    -99.1946064,
    19.3326928,
    -99.1946563,
    19.3322461,
    -99.19468460000002,
    19.3318933,
    -99.194665,
    19.3318139,
    -99.1946548,
    19.3316684,
    -99.1946233,
    19.3315912,
    -99.1945898,
    19.3315425,
    -99.1945408,
    19.3313053,
    -99.1942311,
    19.3309372,
    -99.1939933,
    19.3307133,
    -99.19381980000001,
    19.3305243,
    -99.1936155,
    19.3302227,
    -99.1933905,
    19.3301737,
    -99.19336890000001,
    19.3294473,
    -99.1933948,
    19.329315,
    -99.1931304,
    19.3292276,
    -99.1929081,
    19.3291636,
    -99.19267570000001,
    19.3291464,
    -99.19258170000002,
    19.3291101,
    -99.19232810000001,
    19.3291036,
    -99.1921838,
    19.3291071,
    -99.1920832,
    19.3291249,
    -99.1918405,
    19.3291313,
    -99.191817,
    19.3291365,
    -99.1916923,
    19.329209,
    -99.1916615,
    19.3292631,
    -99.1916153,
    19.3293198,
    -99.1915356,
    19.3293339,
    -99.1914936,
    19.3295525,
    -99.1910622,
    19.3296583,
    -99.1909166,
    19.3297456,
    -99.1908132,
    19.3298481,
    -99.1907045,
    19.3300026,
    -99.19056840000002,
    19.3301972,
    -99.19044500000001,
    19.3303797,
    -99.19035180000002,
    19.3305862,
    -99.1902627,
    19.3315953,
    -99.18989850000001,
    19.331665,
    -99.1899096,
    19.3318841,
    -99.1899327,
    19.3319283,
    -99.1899261,
    19.3319624,
    -99.1899221,
    19.332007,
    -99.1899014,
    19.3320116,
    -99.1899015,
    19.3320385,
    -99.1898763,
    19.3320582,
    -99.1898501,
    19.3320886,
    -99.1897815,
    19.3320988,
    -99.1897397,
    19.332097600000004,
    -99.1896157,
    19.3320852,
    -99.189581,
    19.3320679,
    -99.1895491,
    19.3320486,
    -99.1895295,
    19.3320278,
    -99.18951190000001,
    19.331986,
    -99.1894955,
    19.3319272,
    -99.1894868,
    19.3315254,
    -99.1894466,
    19.3312963,
    -99.1894063,
    19.3312381,
    -99.189349,
    19.3312058,
    -99.1893225,
    19.3311457,
    -99.1892883,
    19.331104,
    -99.1892514,
    19.3310635,
    -99.1892072,
    19.3306886,
    -99.1891553,
    19.330458,
    -99.1891204,
    19.3299402,
    -99.1890533,
    19.3296693,
    -99.1890281,
    19.3293527,
    -99.1889837,
    19.3291063,
    -99.188956,
    19.3285149,
    -99.1889034,
    19.3284001,
    -99.18888460000001,
    19.3283246,
    -99.1888617,
    19.3280864,
    -99.188698,
    19.3277955,
    -99.1884674,
    19.3276657,
    -99.1883706,
    19.3274242,
    -99.1882307,
    19.3272815,
    -99.1881923,
    19.3269999,
    -99.1881638,
    19.3269189,
    -99.1881343,
    19.3264254,
    -99.1880558,
    19.3254882,
    -99.1879673,
    19.3241772,
    -99.1877729,
    19.3238987,
    -99.1877367,
    19.323846200000002,
    -99.18771520000001,
    19.3237462,
    -99.1876562,
    19.3237006,
    -99.1876334,
    19.3236595,
    -99.1876052,
    19.3236228,
    -99.1875751,
    19.3235469,
    -99.1874993,
    19.3235222,
    -99.1874664,
    19.3234146,
    -99.1872934,
    19.3233801,
    -99.1872244,
    19.3233444,
    -99.1871164,
    19.3232836,
    -99.1868374,
    19.3232704,
    -99.1867912,
    19.3232577,
    -99.1867375,
    19.3231615,
    -99.18649480000002,
    19.3230921,
    -99.1861416,
    19.3230739,
    -99.186005,
    19.3230729,
    -99.1858765,
    19.32309,
    -99.1857599,
    19.3231112,
    -99.185672,
    19.3231324,
    -99.1856056,
    19.3233128,
    -99.1852613,
    19.3233545,
    -99.185174,
    19.3234077,
    -99.1850813,
    19.3240335,
    -99.18383610000001,
    19.324248,
    -99.1834954,
    19.3243385,
    -99.1833727,
    19.3245207,
    -99.1831595,
    19.3248409,
    -99.182853,
    19.3253835,
    -99.1822844,
    19.325511,
    -99.1821322,
    19.3260606,
    -99.1816246,
    19.3271658,
    -99.1809037,
    19.3272471,
    -99.1808631,
    19.3282647,
    -99.1802571,
    19.328977900000005,
    -99.1798518,
    19.3296052,
    -99.179458,
    19.3296541,
    -99.1793326,
    19.3296877,
    -99.1792327,
    19.3296982,
    -99.1791804,
    19.3297016,
    -99.1791144,
    19.329691,
    -99.1790617,
    19.3296782,
    -99.1790199,
    19.3296198,
    -99.178903,
    19.3293807,
    -99.1789599,
    19.3290783,
    -99.1790543,
    19.3287525,
    -99.1792015,
    19.328024200000005,
    -99.1795766,
    19.327651,
    -99.1797904,
    19.3270867,
    -99.1801191,
    19.3268489,
    -99.180204,
    19.3266313,
    -99.1803171,
    19.326515,
    -99.1804011,
    19.3264681,
    -99.1804474,
    19.3252092,
    -99.1815964,
    19.3241132,
    -99.1825493,
    19.3234248,
    -99.1831876,
    19.3233074,
    -99.18335430000002,
    19.3232444,
    -99.1834565,
    19.3231236,
    -99.1836959,
    19.3230248,
    -99.1839521,
    19.3229008,
    -99.1843725,
    19.3228072,
    -99.184748,
    19.3227236,
    -99.1849968,
    19.3225749,
    -99.1855332,
    19.322436,
    -99.1861253,
    19.3224085,
    -99.1862333,
    19.32238,
    -99.1864666,
    19.3223816,
    -99.1865689,
    19.3223921,
    -99.1866604,
    19.3224066,
    -99.1867369,
    19.322449,
    -99.1868703,
    19.3225148,
    -99.1870037,
    19.3226502,
    -99.1871714,
    19.3228084,
    -99.1873397,
    19.3231122,
    -99.1876253,
    19.3232172,
    -99.1877098,
    19.3233425,
    -99.1877903,
    19.3234766,
    -99.1878533,
    19.3235564,
    -99.187907,
    19.3239145,
    -99.18797400000001,
    19.3241619,
    -99.1879761,
    19.3249181,
    -99.1880632,
    19.3249966,
    -99.1880954,
    19.3250605,
    -99.1881417,
    19.3251092,
    -99.1881953,
    19.3251503,
    -99.188261,
    19.3252003,
    -99.1883683,
    19.3251731,
    -99.1885279,
    19.3251276,
    -99.1889691,
    19.3250833,
    -99.1891884,
    19.3250282,
    -99.1893245,
    19.3249365,
    -99.1894774,
    19.3246733,
    -99.1895118,
    19.3241521,
    -99.1894684,
    19.3234107,
    -99.1893555,
    19.3222304,
    -99.189263,
    19.3221316,
    -99.1892986,
    19.322084,
    -99.1893235,
    19.3220619,
    -99.1893506,
    19.3220481,
    -99.18940220000002,
    19.3220534,
    -99.1894276,
    19.3220665,
    -99.1894462,
    19.3220852,
    -99.189462,
    19.3221883,
    -99.1895311,
    19.3225674,
    -99.189608,
    19.3228927,
    -99.18965540000002,
    19.3231756,
    -99.1896751,
    19.3236522,
    -99.1897098,
    19.3237383,
    -99.189722,
    19.3238048,
    -99.1897411,
    19.3238785,
    -99.1897628,
    19.323925,
    -99.1897864,
    19.3239899,
    -99.1898255,
    19.3240869,
    -99.1899093,
    19.3241282,
    -99.189953,
    19.3241789,
    -99.1900263,
    19.3242448,
    -99.1901529,
    19.3242625,
    -99.1902278,
    19.3242777,
    -99.19033370000001,
    19.3242831,
    -99.1904242,
    19.3242814,
    -99.1905617,
    19.324267,
    -99.1908708,
    19.3242486,
    -99.19140060000001,
    19.3237747,
    -99.1918176,
    19.3233425,
    -99.1921046,
