{
  "col" : [
      229,
      160,
      37
  ],
  "surOeste": [
    19.3291036,
    -99.19468460000002
  ],
  "notEste": [
    19.3352908,
    -99.1787106
  ],
  "polos": [
    19.3334602,
    -99.19081190000001,
    19.3335907,
    -99.1906214,
    19.3336331,
    -99.1905181,
    19.333637500000002,
    -99.1904517,
    19.3335888,
    -99.1903987,
    19.3334119,
    -99.1902965,
    19.3333147,
    -99.1902532,
    19.3332431,
    -99.1902347,
    19.3332701,
    -99.19011390000001,
    19.3325506,
    -99.190032,
    19.3323727,
    -99.1900012,
    19.3322816,
    -99.18996360000001,
    19.3322643,
    -99.1899518,
    19.3322361,
    -99.1899111,
    19.3322236,
    -99.1898898,
    19.3322171,
    -99.1898544,
    19.3322175,
    -99.18981570000001,
    19.3322318,
    -99.1897569,
    19.3322478,
    -99.189656,
    19.3322621,
    -99.1896227,
    19.3322776,
    -99.1896021,
    19.3323095,
    -99.1895776,
    19.3323258,
    -99.1895701,
    19.3323657,
    -99.1895542,
    19.3323826,
    -99.1895496,
    19.3324615,
    -99.18954770000002,
    19.3325449,
    -99.1895618,
    19.3329732,
    -99.1896085,
    19.3330544,
    -99.18959830000001,
    19.333102,
    -99.1895905,
    19.3332112,
    -99.1895544,
    19.3332306,
    -99.1895357,
    19.3342765,
    -99.1896062,
    19.3343904,
    -99.18948580000001,
    19.3344474,
    -99.18943110000001,
    19.3344931,
    -99.1893036,
    19.3345052,
    -99.18920930000002,
    19.3345147,
    -99.1891674,
    19.334692,
    -99.18763200000001,
    19.3348588,
    -99.18621190000002,
    19.3348917,
    -99.1859837,
    19.334958800000003,
    -99.1856053,
    19.3349944,
    -99.185369,
    19.3350263,
    -99.1851454,
    19.3350275,
    -99.1851191,
    19.3351115,
    -99.1843385,
    19.3351807,
    -99.1835987,
    19.3352332,
    -99.1831943,
    19.3352908,
    -99.1829322,
    19.3352073,
    -99.1828047,
    19.3351111,
    -99.1824976,
    19.3350491,
    -99.1822153,
    19.335025,
    -99.1819082,
    19.3349997,
    -99.1816749,
    19.3346739,
    -99.1805174,
    19.334191,
    -99.1790751,
    19.3341028,
    -99.1789249,
    19.3339881,
    -99.1788302,
    19.3338642,
    -99.1787654,
    19.3337786,
    -99.1787354,
    19.3334754,
    -99.1787106,
    19.3334286,
    -99.1787157,
    19.3331885,
    -99.1787746,
    19.3327803,
    -99.1787642,
    19.3324074,
    -99.17879280000001,
    19.3323142,
    -99.1788002,
    19.3322293,
    -99.17880490000002,
    19.3319493,
    -99.1788069,
    19.3318234,
    -99.1788703,
    19.3317019,
    -99.178941,
    19.3315285,
    -99.1790684,
    19.331405800000002,
    -99.1791911,
    19.3310565,
    -99.1796169,
    19.3309888,
    -99.1797236,
    19.3309312,
    -99.1798462,
    19.3308945,
    -99.1799468,
    19.3308724,
    -99.1800548,
    19.3308331,
    -99.1805162,
    19.3308464,
    -99.1805651,
    19.3308426,
    -99.1807582,
    19.3308464,
    -99.1810023,
    19.33083,
    -99.1812102,
    19.3308097,
    -99.1822737,
    19.3308015,
    -99.1824507,
    19.330756,
    -99.1831119,
    19.3307534,
    -99.1833057,
    19.330754700000004,
    -99.183484,
    19.3307389,
    -99.1837623,
    19.330749,
    -99.1839983,
    19.3307344,
    -99.1841921,
    19.3307193,
    -99.1846784,
    19.3307142,
    -99.1849408,
    19.3307034,
    -99.1852114,
    19.3306857,
    -99.1855111,
    19.3306161,
    -99.1860633,
    19.3304845,
    -99.1872002,
    19.3304358,
    -99.1874872,
    19.3303902,
    -99.1879385,
    19.330387400000003,
    -99.1880005,
    19.3303466,
    -99.1883415,
    19.3303478,
    -99.18838710000001,
    19.330333,
    -99.1884961,
    19.3303295,
    -99.188656,
    19.3303497,
    -99.188768,
    19.3303649,
    -99.1888256,
    19.3303934,
    -99.18889,
    19.3304304,
    -99.18894970000001,
    19.330525,
    -99.1890496,
    19.330578,
    -99.1890874,
    19.3306943,
    -99.189156,
    19.3310635,
    -99.1892072,
    19.331104,
    -99.1892514,
    19.3311457,
    -99.1892883,
    19.3312058,
    -99.1893225,
    19.3312381,
    -99.189349,
    19.3312963,
    -99.1894063,
    19.3315254,
    -99.1894466,
    19.3319272,
    -99.1894868,
    19.331986,
    -99.1894955,
    19.3320278,
    -99.18951190000001,
    19.3320486,
    -99.1895295,
    19.3320679,
    -99.1895491,
    19.3320852,
    -99.189581,
    19.332097600000004,
    -99.1896157,
    19.3320988,
    -99.1897397,
    19.3320886,
    -99.1897815,
    19.3320582,
    -99.1898501,
    19.3320385,
    -99.1898763,
    19.3320116,
    -99.1899015,
    19.332007,
    -99.1899014,
    19.3319624,
    -99.1899221,
    19.3318841,
    -99.1899327,
    19.331665,
    -99.1899096,
    19.3315953,
    -99.18989850000001,
    19.3305862,
    -99.1902627,
    19.3303797,
    -99.19035180000002,
    19.3301972,
    -99.19044500000001,
    19.3300026,
    -99.19056840000002,
    19.3298481,
    -99.1907045,
    19.3297456,
    -99.1908132,
    19.3296583,
    -99.1909166,
    19.3295525,
    -99.1910622,
    19.3293339,
    -99.1914936,
    19.3293198,
    -99.1915356,
    19.3292631,
    -99.1916153,
    19.329209,
    -99.1916615,
    19.3291365,
    -99.1916923,
    19.3291313,
    -99.191817,
    19.3291249,
    -99.1918405,
    19.3291071,
    -99.1920832,
    19.3291036,
    -99.1921838,
    19.3291101,
    -99.19232810000001,
    19.3291464,
    -99.19258170000002,
    19.3291636,
    -99.19267570000001,
    19.3292276,
    -99.1929081,
    19.329315,
    -99.1931304,
    19.3294473,
    -99.1933948,
    19.3301737,
    -99.19336890000001,
    19.3302227,
    -99.1933905,
    19.3305243,
    -99.1936155,
    19.3307133,
    -99.19381980000001,
    19.3308885,
    -99.1939521,
    19.3309372,
    -99.1939933,
    19.3313053,
    -99.1942311,
    19.3315425,
    -99.1945408,
    19.3315912,
    -99.1945898,
    19.3316684,
    -99.1946233,
    19.3318139,
    -99.1946548,
    19.3318933,
    -99.194665,
    19.3322461,
    -99.19468460000002,
    19.3326928,
    -99.1946563,
    19.3330055,
    -99.1946064,
    19.3331249,
    -99.1945508,
    19.3332342,
    -99.1944737,
    19.3333805,
    -99.1943419,
    19.333549200000004,
    -99.1941124,
    19.3335661,
    -99.1940433,
    19.3335581,
    -99.1939739,
    19.3333747,
    -99.1936166,
    19.3333644,
    -99.193566,
    19.3333718,
    -99.1934784,
    19.3336274,
    -99.1927114,
    19.3336343,
    -99.1926511,
    19.3336074,
    -99.19250330000001,
    19.3336205,
    -99.1924072,
    19.333656600000005,
    -99.1922451,
    19.3336629,
    -99.1921669,
    19.3336584,
    -99.1920341,
    19.3336429,
    -99.1919071,
    19.3336098,
    -99.1917591,
    19.3335679,
    -99.1916113,
    19.3334167,
    -99.1912223,
    19.3333917,
    -99.1911391,
    19.333388,
    -99.1910452,
    19.3334052,
    -99.1909486,
    19.333434,
    -99.1908775,
    19.3334602,
    -99.19081190000001
  ]
}