{
  "col" : [
      0,
      103,
      63
  ],
  "surOeste": [
    19.3081165,
    -99.1868716
  ],
  "notEste": [
    19.327050400000005,
    -99.1747735
  ],
  "polos": [
    19.324386600000004,
    -99.1748554,
    19.3248852,
    -99.1748004,
    19.3253285,
    -99.1747893,
    19.3253674,
    -99.17478430000001,
    19.325442,
    -99.174791,
    19.3255376,
    -99.1748339,
    19.3255869,
    -99.1748258,
    19.325665400000002,
    -99.1748238,
    19.3263222,
    -99.1747735,
    19.3269983,
    -99.1747872,
    19.3270325,
    -99.17486510000002,
    19.3270503,
    -99.1749221,
    19.327050400000005,
    -99.1749826,
    19.327029300000003,
    -99.1750823,
    19.3269784,
    -99.1751544,
    19.326553200000003,
    -99.1751004,
    19.3263545,
    -99.1750753,
    19.3260508,
    -99.1750565,
    19.3258325,
    -99.1750686,
    19.325692,
    -99.175086,
    19.3255433,
    -99.1751366,
    19.3254035,
    -99.1751872,
    19.3250409,
    -99.1753985,
    19.3249744,
    -99.1754475,
    19.3249029,
    -99.1755232,
    19.3245042,
    -99.1760449,
    19.3243347,
    -99.17620650000002,
    19.3242372,
    -99.1762709,
    19.3241955,
    -99.176291,
    19.323844000000005,
    -99.1764298,
    19.3237703,
    -99.1764727,
    19.323713900000005,
    -99.176517,
    19.3235444,
    -99.1766762,
    19.3234621,
    -99.1767678,
    19.3232232,
    -99.1770045,
    19.3228769,
    -99.1773153,
    19.3226787,
    -99.1775128,
    19.322589500000003,
    -99.1776013,
    19.3225319,
    -99.177673,
    19.3224737,
    -99.1777803,
    19.3224414,
    -99.17786410000001,
    19.3224016,
    -99.1780103,
    19.3223857,
    -99.178131,
    19.3223611,
    -99.1782128,
    19.3223494,
    -99.1782406,
    19.3223305,
    -99.1782669,
    19.3223041,
    -99.1782959,
    19.3222763,
    -99.17831340000001,
    19.3222617,
    -99.1783168,
    19.3222187,
    -99.1783127,
    19.322194,
    -99.1783013,
    19.3221124,
    -99.1782309,
    19.3221187,
    -99.1780472,
    19.3221532,
    -99.1778058,
    19.3221579,
    -99.1777562,
    19.3222478,
    -99.1774423,
    19.322425,
    -99.1770511,
    19.3224056,
    -99.1768172,
    19.322285000000004,
    -99.1766621,
    19.322237,
    -99.1766068,
    19.322206,
    -99.1765787,
    19.3221845,
    -99.1765619,
    19.3221427,
    -99.1765465,
    19.3220864,
    -99.1765344,
    19.3219327,
    -99.1765277,
    19.3215739,
    -99.1765666,
    19.321341,
    -99.1765606,
    19.3211891,
    -99.1765418,
    19.3209569,
    -99.1765022,
    19.3207367,
    -99.1764345,
    19.3202747,
    -99.1763145,
    19.3192591,
    -99.1760832,
    19.3188548,
    -99.1760074,
    19.3186409,
    -99.1759966,
    19.3184214,
    -99.1760403,
    19.3182334,
    -99.1760892,
    19.3181195,
    -99.1761428,
    19.3179018,
    -99.1762836,
    19.3177752,
    -99.1764084,
    19.3175126,
    -99.1767463,
    19.3173715,
    -99.1770135,
    19.3172266,
    -99.1773437,
    19.3171446,
    -99.1776113,
    19.317074,
    -99.1778735,
    19.3170117,
    -99.1782698,
    19.3170013,
    -99.178359,
    19.3170906,
    -99.1796605,
    19.3171108,
    -99.1799784,
    19.3171445,
    -99.1803532,
    19.3174505,
    -99.1836047,
    19.3176316,
    -99.1856016,
    19.317672100000003,
    -99.1859637,
    19.3176794,
    -99.1861545,
    19.3176778,
    -99.1862474,
    19.3177044,
    -99.1864881,
    19.3176952,
    -99.1865548,
    19.3176746,
    -99.1865893,
    19.3176487,
    -99.1866128,
    19.3176113,
    -99.1866242,
    19.317541700000003,
    -99.1866075,
    19.3175702,
    -99.1868716,
    19.317393,
    -99.1866329,
    19.3172829,
    -99.1865645,
    19.3171956,
    -99.1865189,
    19.3171247,
    -99.1865055,
    19.3151592,
    -99.18636,
    19.3150437,
    -99.1863491,
    19.3148877,
    -99.18632880000001,
    19.314599,
    -99.1862965,
    19.313123100000002,
    -99.1861798,
    19.3130191,
    -99.1861589,
    19.312914,
    -99.1861039,
    19.3128066,
    -99.1860669,
    19.312689,
    -99.1860219,
    19.3123199,
    -99.1858751,
    19.3120597,
    -99.1857417,
    19.3119955,
    -99.1857025,
    19.3119413,
    -99.1856607,
    19.3118605,
    -99.1855814,
    19.3118214,
    -99.1855209,
    19.3117911,
    -99.1854525,
    19.3117735,
    -99.1853976,
    19.3117686,
    -99.185328,
    19.3117673,
    -99.18524220000002,
    19.311799,
    -99.1851228,
    19.3118192,
    -99.1849887,
    19.3118211,
    -99.1848479,
    19.3118065,
    -99.18470210000001,
    19.311780600000002,
    -99.1845347,
    19.3117449,
    -99.1844147,
    19.311051,
    -99.1826492,
    19.3105669,
    -99.1814258,
    19.3104776,
    -99.181176,
    19.3103397,
    -99.1808092,
    19.3103207,
    -99.1807773,
    19.3102067,
    -99.1806234,
    19.3101457,
    -99.180558,
    19.3100803,
    -99.1804946,
    19.3099688,
    -99.1804108,
    19.3098214,
    -99.1803318,
    19.3096695,
    -99.1802808,
    19.3095651,
    -99.1802607,
    19.3093727,
    -99.1802499,
    19.3090623,
    -99.1802868,
    19.3083058,
    -99.180382,
    19.3082494,
    -99.1803445,
    19.3081994,
    -99.1803056,
    19.3081545,
    -99.1802459,
    19.3081254,
    -99.1801889,
    19.3081165,
    -99.180134,
    19.3081203,
    -99.1800857,
    19.3081311,
    -99.1800367,
    19.3081614,
    -99.1799777,
    19.3081905,
    -99.1799461,
    19.3082171,
    -99.1799274,
    19.308257,
    -99.1799052,
    19.3082985,
    -99.17989150000001,
    19.3083543,
    -99.1798823,
    19.3084165,
    -99.1798811,
    19.3084443,
    -99.179906,
    19.3084756,
    -99.1799318,
    19.3085715,
    -99.1799777,
    19.3086348,
    -99.1799911,
    19.3086864,
    -99.1799985,
    19.3087941,
    -99.1799941,
    19.3090056,
    -99.1799724,
    19.3093411,
    -99.1799448,
    19.3094189,
    -99.1799394,
    19.3094885,
    -99.1799419,
    19.3095663,
    -99.1799502,
    19.3097068,
    -99.1799811,
    19.3098016,
    -99.1799581,
    19.3100723,
    -99.1799003,
    19.3101481,
    -99.1798777,
    19.3102049,
    -99.1798565,
    19.3103222,
    -99.1797751,
    19.31037,
    -99.1797534,
    19.3104933,
    -99.1796064,
    19.310609100000004,
    -99.1794916,
    19.3106887,
    -99.1794411,
    19.3108304,
    -99.179367,
    19.3109326,
    -99.179337,
    19.3112196,
    -99.1792929,
    19.314048,
    -99.1789752,
    19.3139563,
    -99.17914040000001,
    19.313903200000002,
    -99.1792251,
    19.3138793,
    -99.17932530000002,
    19.3138638,
    -99.1794377,
    19.3138668,
    -99.1795851,
    19.3138931,
    -99.1798251,
    19.3140005,
    -99.1807719,
    19.3140784,
    -99.1812748,
    19.3141508,
    -99.18195340000001,
    19.3141526,
    -99.1820933,
    19.3141361,
    -99.1821601,
    19.314076,
    -99.1822447,
    19.3140361,
    -99.1822932,
    19.3139816,
    -99.182337,
    19.313943600000005,
    -99.1823634,
    19.3139081,
    -99.1823737,
    19.3138974,
    -99.182374,
    19.3138556,
    -99.1823847,
    19.31325,
    -99.1823152,
    19.3118673,
    -99.18214510000001,
    19.3117293,
    -99.1821074,
    19.3110396,
    -99.1820464,
    19.3112168,
    -99.1824608,
    19.3113933,
    -99.1828973,
    19.3114496,
    -99.1830683,
    19.3114876,
    -99.1832131,
    19.3117708,
    -99.1840654,
    19.3118616,
    -99.1843624,
    19.3118838,
    -99.1844583,
    19.3119046,
    -99.1845656,
    19.3119484,
    -99.1850149,
    19.3119837,
    -99.1851564,
    19.3120084,
    -99.1853052,
    19.3120464,
    -99.185389,
    19.3120945,
    -99.1854555,
    19.3121375,
    -99.1854943,
    19.3121872,
    -99.18552590000002,
    19.3124237,
    -99.1856248,
    19.31264,
    -99.1857076,
    19.3129722,
    -99.1858638,
    19.3131,
    -99.185892,
    19.3131854,
    -99.1858973,
    19.3132582,
    -99.1859134,
    19.3138044,
    -99.1859496,
    19.3142087,
    -99.1859885,
    19.3148953,
    -99.1860502,
    19.315101,
    -99.1860737,
    19.3152529,
