{
  "col" : [
      42,
      97,
      158
  ],
  "surOeste": [
    19.3204608,
    -99.1825511
  ],
  "notEste": [
    19.3314716,
    -99.1750565
  ],
  "polos": [
    19.3224579,
    -99.1763815,
    19.322411,
    -99.1763829,
    19.321982900000002,
    -99.1763418,
    19.3204956,
    -99.1761894,
    19.3204608,
    -99.1763614,
    19.3207367,
    -99.1764345,
    19.3209569,
    -99.1765022,
    19.3211891,
    -99.1765418,
    19.321341,
    -99.1765606,
    19.3215739,
    -99.1765666,
    19.3219327,
    -99.1765277,
    19.3220864,
    -99.1765344,
    19.3221427,
    -99.1765465,
    19.3221845,
    -99.1765619,
    19.322237,
    -99.1766068,
    19.322285000000004,
    -99.1766621,
    19.3224056,
    -99.1768172,
    19.322425,
    -99.1770511,
    19.3222478,
    -99.1774423,
    19.3221579,
    -99.1777562,
    19.3221532,
    -99.1778058,
    19.3221187,
    -99.1780472,
    19.3221124,
    -99.1782309,
    19.322194,
    -99.1783013,
    19.3222187,
    -99.1783127,
    19.3222617,
    -99.1783168,
    19.3222763,
    -99.17831340000001,
    19.3223041,
    -99.1782959,
    19.3223305,
    -99.1782669,
    19.3223494,
    -99.1782406,
    19.3223611,
    -99.1782128,
    19.3223857,
    -99.178131,
    19.3224016,
    -99.1780103,
    19.3224414,
    -99.17786410000001,
    19.3224737,
    -99.1777803,
    19.3225319,
    -99.177673,
    19.322589500000003,
    -99.1776013,
    19.3228769,
    -99.1773153,
    19.3232232,
    -99.1770045,
    19.3234621,
    -99.1767678,
    19.3235444,
    -99.1766762,
    19.323713900000005,
    -99.176517,
    19.3237703,
    -99.1764727,
    19.323844000000005,
    -99.1764298,
    19.323943,
    -99.1763909,
    19.3241955,
    -99.176291,
    19.3242372,
    -99.1762709,
    19.3243347,
    -99.17620650000002,
    19.3245042,
    -99.1760449,
    19.3249029,
    -99.1755232,
    19.3249744,
    -99.1754475,
    19.3250409,
    -99.1753985,
    19.3254035,
    -99.1751872,
    19.3255433,
    -99.1751366,
    19.325692,
    -99.175086,
    19.3258325,
    -99.1750686,
    19.3260508,
    -99.1750565,
    19.3263545,
    -99.1750753,
    19.3269784,
    -99.1751544,
    19.3272277,
    -99.1752041,
    19.3277833,
    -99.1752838,
    19.3287754,
    -99.1753992,
    19.3289729,
    -99.17547630000001,
    19.3291475,
    -99.1756168,
    19.3292702,
    -99.1757277,
    19.3293525,
    -99.1758095,
    19.3297847,
    -99.1761448,
    19.3309813,
    -99.1768899,
    19.3309947,
    -99.1769015,
    19.3310113,
    -99.1769198,
    19.331036300000005,
    -99.176975,
    19.3312514,
    -99.1775671,
    19.3314115,
    -99.1780512,
    19.3314431,
    -99.1781612,
    19.3314646,
    -99.17829130000001,
    19.3314716,
    -99.1783563,
    19.3314659,
    -99.1784106,
    19.3314523,
    -99.1784599,
    19.3314369,
    -99.1784943,
    19.3314178,
    -99.1785219,
    19.3313713,
    -99.1785591,
    19.3313052,
    -99.178589,
    19.331216,
    -99.1786037,
    19.3303156,
    -99.1787942,
    19.3296198,
    -99.178903,
    19.3293807,
    -99.1789599,
    19.3290783,
    -99.1790543,
    19.3287525,
    -99.1792015,
    19.328024200000005,
    -99.1795766,
    19.327651,
    -99.1797904,
    19.3270867,
    -99.1801191,
    19.3268489,
    -99.180204,
    19.3266313,
    -99.1803171,
    19.3265982,
    -99.1803386,
    19.3265677,
    -99.1803051,
    19.3265537,
    -99.1802291,
    19.3267456,
    -99.1783723,
    19.326779,
    -99.178289,
    19.3268175,
    -99.1782338,
    19.3268691,
    -99.1781891,
    19.3269226,
    -99.1781787,
    19.3270095,
    -99.1781808,
    19.3272099,
    -99.1782067,
    19.3272772,
    -99.1776751,
    19.3268577,
    -99.1776132,
    19.3268085,
    -99.1776192,
    19.326792100000002,
    -99.1776681,
    19.326742,
    -99.17802330000002,
    19.3264681,
    -99.1804474,
    19.3252092,
    -99.1815964,
    19.3241132,
    -99.1825493,
    19.3240015,
    -99.1825511,
    19.3239095,
    -99.1825422,
    19.323843700000005,
    -99.18251640000001,
    19.3237899,
    -99.1824782,
    19.3237623,
    -99.1824453,
    19.3236943,
    -99.1823481,
    19.3236481,
    -99.1822569,
    19.3235538,
    -99.1820142,
    19.3233167,
    -99.1812561,
    19.323221,
    -99.1809185,
    19.3230388,
    -99.1804015,
    19.322773,
    -99.1795935,
    19.322697,
    -99.1793628,
    19.322573,
    -99.1790007,
    19.3224642,
    -99.1785843,
    19.3224512,
    -99.1785477,
    19.322403,
    -99.1783779,
    19.3223838,
    -99.1782765,
    19.3223857,
    -99.178131,
    19.3224016,
    -99.1780103,
    19.3224414,
    -99.17786410000001,
    19.3224737,
    -99.1777803,
    19.3225319,
    -99.177673,
    19.322589500000003,
    -99.1776013,
    19.3228769,
    -99.1773153,
    19.3232232,
    -99.1770045,
    19.3234621,
    -99.1767678,
    19.3235444,
    -99.1766762,
    19.323713900000005,
    -99.176517,
    19.3237703,
    -99.1764727,
    19.323844000000005,
    -99.1764298,
    19.323943,
    -99.1763909,
    19.3239471,
    -99.1763292,
    19.3239354,
    -99.1762622,
    19.3238943,
    -99.1761924,
    19.3234276,
    -99.176284,
    19.3233469,
    -99.1763151,
    19.3232951,
    -99.1763368,
    19.3229527,
    -99.176338,
    19.3224579,
    -99.1763815
  ]
}